probe_user,candidate_user,variant,face_score,voice_score,final_score,accepted,expected_match,correct
kacper,kacper,face_only,0.2086,0.9989,0.2086,False,True,False
kacper,kacper,voice_only,0.2086,0.9989,0.9989,True,True,True
kacper,kacper,fusion_50_50,0.2086,0.9989,0.6037,False,True,False
kacper,kacper,fusion_60_40,0.2086,0.9989,0.5247,False,True,False
kacper,kacper,fusion_70_30,0.2086,0.9989,0.4457,False,True,False
kacper,kamil,face_only,0.5298,0.9833,0.5298,False,False,True
kacper,kamil,voice_only,0.5298,0.9833,0.9833,True,False,False
kacper,kamil,fusion_50_50,0.5298,0.9833,0.7565,True,False,False
kacper,kamil,fusion_60_40,0.5298,0.9833,0.7112,True,False,False
kacper,kamil,fusion_70_30,0.5298,0.9833,0.6658,False,False,True
kacper,krystian,face_only,0.1517,0.9675,0.1517,False,False,True
kacper,krystian,voice_only,0.1517,0.9675,0.9675,True,False,False
kacper,krystian,fusion_50_50,0.1517,0.9675,0.5596,False,False,True
kacper,krystian,fusion_60_40,0.1517,0.9675,0.478,False,False,True
kacper,krystian,fusion_70_30,0.1517,0.9675,0.3964,False,False,True
kacper,marcel,face_only,0.1666,0.9701,0.1666,False,False,True
kacper,marcel,voice_only,0.1666,0.9701,0.9701,True,False,False
kacper,marcel,fusion_50_50,0.1666,0.9701,0.5684,False,False,True
kacper,marcel,fusion_60_40,0.1666,0.9701,0.488,False,False,True
kacper,marcel,fusion_70_30,0.1666,0.9701,0.4076,False,False,True
kamil,kacper,face_only,0.6429,0.9828,0.6429,False,False,True
kamil,kacper,voice_only,0.6429,0.9828,0.9828,True,False,False
kamil,kacper,fusion_50_50,0.6429,0.9828,0.8129,True,False,False
kamil,kacper,fusion_60_40,0.6429,0.9828,0.7789,True,False,False
kamil,kacper,fusion_70_30,0.6429,0.9828,0.7449,True,False,False
kamil,kamil,face_only,0.701,0.9965,0.701,True,True,True
kamil,kamil,voice_only,0.701,0.9965,0.9965,True,True,True
kamil,kamil,fusion_50_50,0.701,0.9965,0.8488,True,True,True
kamil,kamil,fusion_60_40,0.701,0.9965,0.8192,True,True,True
kamil,kamil,fusion_70_30,0.701,0.9965,0.7897,True,True,True
kamil,krystian,face_only,0.0883,0.9868,0.0883,False,False,True
kamil,krystian,voice_only,0.0883,0.9868,0.9868,True,False,False
kamil,krystian,fusion_50_50,0.0883,0.9868,0.5375,False,False,True
kamil,krystian,fusion_60_40,0.0883,0.9868,0.4477,False,False,True
kamil,krystian,fusion_70_30,0.0883,0.9868,0.3578,False,False,True
kamil,marcel,face_only,0.2526,0.9884,0.2526,False,False,True
kamil,marcel,voice_only,0.2526,0.9884,0.9884,True,False,False
kamil,marcel,fusion_50_50,0.2526,0.9884,0.6205,False,False,True
kamil,marcel,fusion_60_40,0.2526,0.9884,0.5469,False,False,True
kamil,marcel,fusion_70_30,0.2526,0.9884,0.4734,False,False,True
krystian,kacper,face_only,0.8171,0.9777,0.8171,True,False,False
krystian,kacper,voice_only,0.8171,0.9777,0.9777,True,False,False
krystian,kacper,fusion_50_50,0.8171,0.9777,0.8974,True,False,False
krystian,kacper,fusion_60_40,0.8171,0.9777,0.8814,True,False,False
krystian,kacper,fusion_70_30,0.8171,0.9777,0.8653,True,False,False
krystian,kamil,face_only,0.6679,0.9921,0.6679,False,False,True
krystian,kamil,voice_only,0.6679,0.9921,0.9921,True,False,False
krystian,kamil,fusion_50_50,0.6679,0.9921,0.83,True,False,False
krystian,kamil,fusion_60_40,0.6679,0.9921,0.7976,True,False,False
krystian,kamil,fusion_70_30,0.6679,0.9921,0.7651,True,False,False
krystian,krystian,face_only,0.0804,0.9954,0.0804,False,True,False
krystian,krystian,voice_only,0.0804,0.9954,0.9954,True,True,True
krystian,krystian,fusion_50_50,0.0804,0.9954,0.5379,False,True,False
krystian,krystian,fusion_60_40,0.0804,0.9954,0.4464,False,True,False
krystian,krystian,fusion_70_30,0.0804,0.9954,0.3549,False,True,False
krystian,marcel,face_only,0.1418,0.989,0.1418,False,False,True
krystian,marcel,voice_only,0.1418,0.989,0.989,True,False,False
krystian,marcel,fusion_50_50,0.1418,0.989,0.5654,False,False,True
krystian,marcel,fusion_60_40,0.1418,0.989,0.4807,False,False,True
krystian,marcel,fusion_70_30,0.1418,0.989,0.396,False,False,True
marcel,kacper,face_only,0.0824,0.9498,0.0824,False,False,True
marcel,kacper,voice_only,0.0824,0.9498,0.9498,True,False,False
marcel,kacper,fusion_50_50,0.0824,0.9498,0.5161,False,False,True
marcel,kacper,fusion_60_40,0.0824,0.9498,0.4294,False,False,True
marcel,kacper,fusion_70_30,0.0824,0.9498,0.3426,False,False,True
marcel,kamil,face_only,0.2303,0.986,0.2303,False,False,True
marcel,kamil,voice_only,0.2303,0.986,0.986,True,False,False
marcel,kamil,fusion_50_50,0.2303,0.986,0.6081,False,False,True
marcel,kamil,fusion_60_40,0.2303,0.986,0.5325,False,False,True
marcel,kamil,fusion_70_30,0.2303,0.986,0.457,False,False,True
marcel,krystian,face_only,0.1003,0.9873,0.1003,False,False,True
marcel,krystian,voice_only,0.1003,0.9873,0.9873,True,False,False
marcel,krystian,fusion_50_50,0.1003,0.9873,0.5438,False,False,True
marcel,krystian,fusion_60_40,0.1003,0.9873,0.4551,False,False,True
marcel,krystian,fusion_70_30,0.1003,0.9873,0.3664,False,False,True
marcel,marcel,face_only,0.8585,0.9975,0.8585,True,True,True
marcel,marcel,voice_only,0.8585,0.9975,0.9975,True,True,True
marcel,marcel,fusion_50_50,0.8585,0.9975,0.928,True,True,True
marcel,marcel,fusion_60_40,0.8585,0.9975,0.9141,True,True,True
marcel,marcel,fusion_70_30,0.8585,0.9975,0.9002,True,True,True
